<?xml version="1.0" encoding="UTF-8"?>
<project-private xmlns="http://www.netbeans.org/ns/project-private/1">
    <editor-bookmarks xmlns="http://www.netbeans.org/ns/editor-bookmarks/2" lastBookmarkId="0"/>
    <open-files xmlns="http://www.netbeans.org/ns/projectui-open-files/2">
        <group>
            <file>file:/Users/viniciuscustodio/Git/Biblioteca/src/persistence/DAO/MySQL/BasePersDAOMySQL.java</file>
            <file>file:/Users/viniciuscustodio/Git/Biblioteca/src/controller/AutorController.java</file>
            <file>file:/Users/viniciuscustodio/Git/Biblioteca/src/controller/LivroController.java</file>
            <file>file:/Users/viniciuscustodio/Git/Biblioteca/src/controller/AssociadoController.java</file>
            <file>file:/Users/viniciuscustodio/Git/Biblioteca/src/persistence/DAO/DAOFactory.java</file>
            <file>file:/Users/viniciuscustodio/Git/Biblioteca/src/controller/AutoriaController.java</file>
            <file>file:/Users/viniciuscustodio/Git/Biblioteca/src/Interface/CadAssociados.java</file>
            <file>file:/Users/viniciuscustodio/Git/Biblioteca/src/controller/EmprestimoController.java</file>
            <file>file:/Users/viniciuscustodio/Git/Biblioteca/src/VO/Autoria.java</file>
            <file>file:/Users/viniciuscustodio/Git/Biblioteca/src/controller/BaseController.java</file>
            <file>file:/Users/viniciuscustodio/Git/Biblioteca/src/META-INF/persistence.xml</file>
            <file>file:/Users/viniciuscustodio/Git/Biblioteca/src/Interface/SelecionarAutores.java</file>
        </group>
    </open-files>
</project-private>
